, Dst Port,Protocol,Flow Duration,Tot Bwd Pkts,Bwd Pkt Len Max,Bwd Pkt Len Min,Bwd Pkt Len Mean,Bwd Pkt Len Std,Bwd Header Len,Pkt Len Min,Pkt Len Max,Pkt Len Mean,Pkt Len Std,Pkt Len Var,Down/Up Ratio,Pkt Size Avg,Fwd Seg Size Avg,Bwd Seg Size Avg,Init Fwd Win Byts,Init Bwd Win Byts,Fwd Seg Size Min,Idle Mean,Idle Std,Idle Max,Idle Min
count,1231937.0,1231937.0,1231937.0,1231937.0,1231937.0,1231937.0,1231937.0,1231937.0,1231937.0,1231937.0,1231937.0,1231937.0,1231937.0,1231937.0,1231937.0,1231937.0,1231937.0,1231937.0,1231937.0,1231937.0,1231937.0,1231937.0,1231937.0,1231937.0,1231937.0
mean,92.28546905517578,51.130252838134766,117.0444107055664,0.0,0.0,0.0,0.0,0.0,0.0,25.645099639892578,1061.359375,6.7198004722595215,5355.21630859375,8630.3388671875,9118.2861328125,21.805326461791992,17.518808364868164,176475.34375,90043.953125,269563.875,116714.2421875,5031642.0,155191.90625,5164819.5,4885326.0
std,109.06861877441406,61.84033203125,165.70811462402344,0.0,0.0,0.0,0.0,0.0,0.0,1627.8193359375,65201.84765625,208.81365966796875,292532.375,16426.26953125,21039.25,1625.268798828125,7.2763752937316895,2514583.25,1547678.0,3357099.5,2104898.0,16278074.0,1683838.125,16529660.0,16155852.0
min,0.0,0.0,0.0,0.0,0.0,0.0,0.0,0.0,0.0,1.0,0.0,0.0,0.0,-1.0,-1.0,0.0,0.0,0.0,0.0,0.0,0.0,0.0,0.0,0.0,0.0
25%,0.0,0.0,0.0,0.0,0.0,0.0,0.0,0.0,0.0,1.0,0.0,0.0,0.0,-1.0,-1.0,0.0,8.0,0.0,0.0,0.0,0.0,0.0,0.0,0.0,0.0
50%,75.5,37.0,69.0,0.0,0.0,0.0,0.0,0.0,0.0,2.0,44.0,1.0,103.0,279.0,-1.0,0.0,20.0,0.0,0.0,0.0,0.0,0.0,0.0,0.0,0.0
75%,145.36842346191406,66.0,170.0,0.0,0.0,0.0,0.0,0.0,0.0,5.0,517.0,4.0,649.0,8192.0,253.0,2.0,20.0,0.0,0.0,0.0,0.0,0.0,0.0,0.0,0.0
max,2521.105712890625,14973.115234375,1629.8284912109375,0.0,0.0,0.0,0.0,0.0,0.0,309629.0,41765676.0,121091.0,156199216.0,65535.0,65535.0,309628.0,48.0,111283528.0,68790984.0,111283528.0,111283528.0,119994632.0,68415656.0,119994632.0,119994632.0
